cod_distrito,nombre_distrito,cod_barrio,nombre_barrio,ranking_ivcu,IVCU,nivel_riesgo,perfil_vulnerabilidad,cluster_id,pct_mayores_65,renta_neta,arboles_por_ha,densidad_hab_ha,no2_verano,temp_verano,pob_total,area_ha,n_exposicion_calor,n_falta_verde,n_vulnerabilidad_soc,n_privacion_economica,n_contaminacion_aire,ranking_ref,ivcu_ref,pca1,pca2,lat,lon
11,Carabanchel,112,Opañel,1,7.066,Crítico,Alta privación económica y contaminación,2,19.66,14134.0,381.03,325.9,23.57,26.47,36089,110.72862271300001,7.119889188166821,7.456675796997087,4.587992937021778,7.890289513783072,9.266263237518912,25.0,0.009488217,2.801,-1.157,40.39022735074679,-3.721778031591093
12,Usera,125,Moscardó,2,7.062,Crítico,Alta privación económica y contaminación,2,17.69,12693.0,337.08,320.7,20.26,27.28,29142,90.8787303279,7.8741666274607205,7.752458122741253,4.008240141259566,8.389319850394791,6.762481089258701,14.0,0.010054949,2.242,-0.93,40.388997860048065,-3.706816611135261
1,Centro,012,Embajadores,3,7.012,Crítico,Alta privación económica y contaminación,2,14.1,18177.0,117.07,467.5,17.36,26.74,48323,103.372448992,9.435165351702675,9.233119544515409,2.951736315479694,6.490164842776007,4.568835098335854,45.0,0.008192846,1.275,-0.317,40.40923896880193,-3.702463484531005
13,Puente de Vallecas,132,San Diego,4,6.974,Crítico,Alta privación económica y contaminación,2,12.0,10252.0,426.7,485.4,16.25,27.04,51932,106.98683825,10.0,7.149317917207869,2.3337257210123603,9.234658539963984,3.7291981845688356,2.0,0.011555846,2.085,-1.105,40.39002951530401,-3.667867931733115
3,Retiro,031,Pacífico,5,6.957,Crítico,Envejecimiento y déficit de verde,4,27.28,23449.0,189.38,447.5,14.2,26.61,33932,75.8250266061,9.014112453630615,8.746475176493549,6.8304885226603895,4.664427205984208,2.1785173978819965,98.0,0.006185095,-0.972,-1.565,40.40435252157518,-3.678721425325084
11,Carabanchel,114,Vista Alegre,6,6.948,Crítico,Alta privación económica y contaminación,2,21.5,12736.0,265.48,320.5,18.0,26.17,50932,158.922532687,6.735041489035593,8.234324209732888,5.12948793407887,8.37442859121762,5.052950075642966,21.0,0.009720076,1.195,-0.694,40.38431910746084,-3.745753035460398
10,Latina,104,Aluche,7,6.933,Crítico,Envejecimiento y déficit de verde,4,27.66,15162.0,126.5,242.3,16.7,25.92,69065,284.98099816399997,5.353132020809607,9.169655896466091,6.942319011183049,7.534284526942789,4.069591527987897,35.0,0.008610091,-0.043,-0.45,40.39191120095833,-3.756691459165669
2,Arganzuela,022,Acacias,8,6.888,Crítico,Envejecimiento y déficit de verde,4,28.41,24444.0,222.56,337.2,18.02,26.99,36199,107.343682935,7.814892507838201,8.523174662996588,7.163037080635669,4.319850394791523,5.068078668683812,,,-0.232,-1.582,40.40106760330246,-3.7072610271861994
2,Arganzuela,023,Chopera,9,6.77,Crítico,Envejecimiento y déficit de verde,4,22.74,18830.0,420.76,362.2,16.31,27.77,20563,56.7786977239,8.973309082608235,7.189293958502985,5.4944084755738665,6.264025488294777,3.774583963691376,,,0.466,-1.875,40.39476954958329,-3.699071874954255
11,Carabanchel,111,Comillas,10,6.76,Crítico,Alta privación económica y contaminación,2,22.39,15403.0,633.41,363.5,21.03,26.87,24212,66.6096196948,8.070747714047075,5.758165140084394,5.391406709829312,7.450824213880039,7.344931921331318,26.0,0.009432921,2.086,-2.362,40.39350078478167,-3.7119641518453634
11,Carabanchel,117,Abrantes,11,6.727,Crítico,Alta privación económica y contaminación,2,17.27,12515.0,269.67,215.4,22.65,26.35,33703,156.457039011,5.405967222701956,8.206125621681283,3.884638022366098,8.450962737221221,8.570347957639939,22.0,0.0096988,2.618,-0.13,40.378976373706855,-3.726166206041665
13,Puente de Vallecas,136,Numancia,12,6.726,Crítico,Alta privación económica y contaminación,2,18.63,12136.0,246.89,280.7,16.53,26.67,51909,184.906928294,6.673785271376547,8.359434413045381,4.284873454973514,8.582213602992104,3.9409984871406967,5.0,0.011050521,1.047,-0.324,40.399495592091455,-3.6585308202013196
7,Chamberí,071,Gaztambide,13,6.709,Crítico,Envejecimiento y déficit de verde,4,24.96,26058.0,270.89,469.5,18.21,25.92,23780,50.6478200045,8.624574808852545,8.197915054277235,6.147733961153621,3.7609087131181607,5.211800302571862,95.0,0.006220535,0.046,-1.659,40.43498551526415,-3.7146073613752524
12,Usera,126,Zofío,14,6.689,Crítico,Alta privación económica y contaminación,2,17.0,11493.0,395.76,202.4,24.51,26.45,15668,77.4025402247,5.321145241266375,7.357543290553137,3.8051795173631553,8.80488987394376,9.977307110438732,12.0,0.010102661,3.294,-0.513,40.3793687996287,-3.7153155986664745
6,Tetuán,061,Bellas Vistas,15,6.679,Crítico,Envejecimiento y déficit de verde,4,18.28,16653.0,213.11,432.3,15.6,25.71,30920,71.5170087522,7.873968312170211,8.586772910511545,4.1818716892289585,7.0179387726831965,3.237518910741301,46.0,0.0081911,0.537,-0.521,40.452455195625284,-3.707638137073805
12,Usera,124,Almendrales,16,6.621,Crítico,Alta privación económica y contaminación,2,14.5,12826.0,392.66,321.8,18.01,27.34,25107,78.0140089093,7.951424146405632,7.378406207727355,3.0694526191877576,8.343260839451448,5.06051437216339,11.0,0.010260079,1.909,-0.785,40.383665373806224,-3.699266689144232
7,Chamberí,072,Arapiles,17,6.607,Crítico,Envejecimiento y déficit de verde,4,24.05,25893.0,237.28,432.8,17.68,26.14,25026,57.8229747611,8.321334906634641,8.424109456285459,5.879929370217775,3.818049591356143,4.81089258698941,97.0,0.006186005,-0.069,-1.384,40.434406859683435,-3.7080263304931376
10,Latina,107,Águilas,18,6.587,Crítico,Envejecimiento y déficit de verde,4,27.13,15144.0,99.87,145.5,16.94,25.8,52515,360.96028557,3.8364757516307755,9.348875084965913,6.786344908769864,7.540518077296024,4.251134644478064,,,-0.116,0.052,40.3818008391561,-3.771087496320497
12,Usera,127,Pradolongo,19,6.58,Crítico,Alta privación económica y contaminación,2,14.37,9910.0,279.59,187.8,20.93,26.7,20578,109.565210497,5.366831598883274,8.139364286723783,3.0311948204826367,9.35309599667544,7.26928895612708,6.0,0.010689197,2.6,0.181,40.37814242609102,-3.707120041332058
10,Latina,102,Puerta del Ángel,20,6.58,Crítico,Alta privación económica y contaminación,2,19.02,15310.0,262.12,335.6,16.82,26.11,46153,137.529754732,6.89104705620994,8.256936919960427,4.3996468510888755,7.483030890705083,4.16036308623298,30.0,0.008990631,0.853,-0.508,40.409688050091106,-3.7318048011709433
11,Carabanchel,115,Puerta Bonita,21,6.568,Crítico,Alta privación económica y contaminación,2,16.68,11651.0,262.28,245.9,19.0,26.23,39562,160.862558911,5.722298043830635,8.255860124235307,3.7110064743967044,8.75017315417648,5.809379727685325,16.0,0.009968226,1.796,-0.025,40.379661589754605,-3.739086436065986
6,Tetuán,066,Berruguete,22,6.563,Crítico,Alta privación económica y contaminación,2,16.59,15679.0,251.06,451.5,15.71,25.33,27406,60.7063361527,7.761443372440125,8.331370424459415,3.6845203060623897,7.355243108463776,3.3207261724659616,40.0,0.008436213,0.787,-0.454,40.45962217083676,-3.7049550677066305
15,Ciudad Lineal,152,Pueblo Nuevo,23,6.536,Crítico,Envejecimiento y déficit de verde,4,21.83,14782.0,159.79,284.5,16.64,25.25,65984,231.92168379199998,5.274926175023371,8.94561508590811,5.226603884638022,7.665881701066629,4.024205748865356,49.0,0.008059598,0.41,-0.02,40.42629091741775,-3.6354641029270702
11,Carabanchel,113,San Isidro,24,6.532,Crítico,Alta privación económica y contaminación,2,18.52,13288.0,222.14,226.2,17.49,26.57,42960,189.933178175,5.786677727315212,8.52600125177503,4.2525014714537965,8.183266380385096,4.66717095310136,13.0,0.010080312,1.1,-0.057,40.39659598212533,-3.7283335037861467
1,Centro,015,Universidad,25,6.515,Crítico,Alta privación económica y contaminación,2,16.59,22689.0,127.65,353.5,20.5,26.19,33517,94.80263834659999,7.230679923973515,9.161916427191784,3.6845203060623897,4.927621554231888,6.944024205748866,62.0,0.007502037,1.311,-0.157,40.425670781328904,-3.707070897276301
13,Puente de Vallecas,133,Palomeras Bajas,26,6.505,Crítico,Alta privación económica y contaminación,2,19.42,13967.0,264.82,245.9,17.47,26.45,42395,172.38686550100002,5.947499824364385,8.238765992099012,4.51736315479694,7.94812300872697,4.652042360060514,8.0,0.010369013,1.016,-0.316,40.3847579471908,-3.658880832508022
12,Usera,121,Orcasitas,27,6.484,Alto,Alta privación económica y contaminación,2,19.47,13337.0,225.85,175.8,20.6,25.99,23850,135.636244098,4.467256563233991,8.501033050898787,4.532077692760447,8.16629727109018,7.019667170953103,23.0,0.0095275,1.716,0.094,40.36862908925131,-3.71241759041741
2,Arganzuela,026,Palos de la Frontera,28,6.478,Alto,Envejecimiento y déficit de verde,4,22.04,21157.0,368.42,400.2,15.0,26.93,25952,64.84416434900001,8.660608064217023,7.5415407600831825,5.288404944084756,5.458165950962737,2.783661119515885,,,-0.1,-1.568,40.40349419422459,-3.694620447183469
17,Villaverde,174,Los Rosales,29,6.459,Alto,Alta privación económica y contaminación,2,18.05,12703.0,251.07,258.5,18.34,25.72,39835,154.074706489,5.381666215534544,8.331303124726595,4.114184814596823,8.385856766865217,5.310136157337367,20.0,0.009784459,1.387,-0.02,40.355697113282815,-3.6884893295456287
7,Chamberí,073,Trafalgar,30,6.452,Alto,Envejecimiento y déficit de verde,4,21.79,26431.0,224.23,412.6,16.63,26.71,25246,61.18785790930001,8.61395333725604,8.511935607615637,5.2148322542672165,3.6317356974650226,4.016641452344931,96.0,0.006189131,-0.208,-1.198,40.432851536671805,-3.7011331972069232
3,Retiro,034,Ibiza,31,6.412,Alto,Envejecimiento y déficit de verde,4,25.9,26761.0,291.89,439.6,15.79,26.01,21628,49.1968676507,8.28617402757469,8.056585615355107,6.42436727486757,3.517453940989057,3.3812405446293488,102.0,0.006098272,-0.747,-1.665,40.41888456741066,-3.674337620349634
18,Villa de Vallecas,182,Santa Eugenia,32,6.404,Alto,Envejecimiento y déficit de verde,4,28.56,17041.0,171.66,115.6,18.61,25.67,24046,208.023259726,3.2728731898191707,8.865730303050697,7.207180694526192,6.883571131735698,5.5143721633888045,37.0,0.008561733,0.047,-0.224,40.38342474540945,-3.611327893950597
17,Villaverde,175,Ángeles,33,6.404,Alto,Alta privación económica y contaminación,2,21.86,13515.0,199.89,199.9,19.41,25.02,38694,193.527166661,3.821336277963776,8.675743157299665,5.2354326074161275,8.104654384263748,6.119515885022694,,,1.127,0.158,40.355790429122834,-3.699136964479992
14,Moratalaz,144,Media Legua,34,6.357,Alto,Envejecimiento y déficit de verde,4,29.27,17680.0,246.37,177.3,16.03,25.88,17708,99.89677777840001,4.376254106867047,8.362933999152023,7.416127133608005,6.6622800941958715,3.562783661119517,53.0,0.007967891,-0.579,-0.731,40.411894857787544,-3.656819710895487
13,Puente de Vallecas,135,Portazgo,35,6.31,Alto,Alta privación económica y contaminación,2,21.01,11817.0,366.6,244.3,17.85,25.32,30426,124.526049291,4.767743258493224,7.553789311456434,4.985285462036493,8.692685967585538,4.939485627836612,4.0,0.011132322,1.132,-0.458,40.39061257484461,-3.6482408743766612
3,Retiro,032,Adelfas,36,6.3,Alto,Envejecimiento y déficit de verde,4,24.35,24543.0,224.1,298.0,15.3,27.02,19097,64.0789191482,7.281162768962477,8.5128105041423,5.968216597998824,4.285565867848733,3.0105900151285936,100.0,0.006152902,-0.722,-1.028,40.40111556781918,-3.6709732293335215
1,Centro,011,Palacio,37,6.284,Alto,Alta privación económica y contaminación,2,20.72,23770.0,82.33,160.7,19.84,27.24,23622,146.990593262,5.529387899855841,9.4669188163323,4.899941141848146,4.553262224684859,6.444780635400908,63.0,0.007459395,0.535,0.053,40.41541727886924,-3.714071471343299
2,Arganzuela,021,Imperial,38,6.276,Alto,Envejecimiento y déficit de verde,4,23.77,23591.0,246.88,253.5,18.53,26.62,24528,96.7679315212,6.230951447142543,8.3595017127782,5.797527957622131,4.615251419864247,5.453857791225417,88.0,0.006482143,0.164,-0.86,40.40619016260327,-3.718360114358342
5,Chamartín,052,Prosperidad,39,6.273,Alto,Envejecimiento y déficit de verde,4,26.58,24830.0,249.8,356.0,16.72,25.41,37025,104.00578899199999,6.468234637368891,8.339850190794742,6.624484991171277,4.186175370549937,4.084720121028743,93.0,0.006251852,-0.6,-1.14,40.44423273714298,-3.6692874824181403
10,Latina,103,Lucero,40,6.268,Alto,Envejecimiento y déficit de verde,4,21.42,14814.0,214.71,229.1,15.38,25.82,38474,167.899524236,5.060701356793049,8.576004953260336,5.105944673337258,7.654799833771991,3.0711043872919825,31.0,0.008749993,0.117,-0.067,40.40229349660209,-3.7503454275859864
14,Moratalaz,146,Vinateros,41,6.257,Alto,Envejecimiento y déficit de verde,4,26.86,15632.0,414.4,291.0,15.74,25.08,17283,59.391801656999995,5.194499830904569,7.232096588576544,6.706886403766922,7.3715196010527775,3.343419062027232,52.0,0.007968351,-0.107,-1.213,40.40525383934443,-3.642488141467362
13,Puente de Vallecas,131,Entrevías,42,6.249,Alto,Renta baja y escasez de verde,3,18.04,10790.0,76.44,63.7,16.73,26.45,38059,597.1941418170001,3.3240100533193875,9.506558358963314,4.11124190700412,9.048344646072863,4.092284417549169,3.0,0.011542827,0.796,1.105,40.37479276302328,-3.6731116068154517
3,Retiro,033,Estrella,43,6.234,Alto,Envejecimiento y déficit de verde,4,32.06,27595.0,140.03,222.9,15.77,26.18,22862,102.552426383,5.339939834516442,9.078599357960549,8.237198351971749,3.2286327746225236,3.366111951588502,,,-1.681,-1.004,40.41408649389823,-3.665530664209731
12,Usera,123,San Fermín,44,6.226,Alto,Alta privación económica y contaminación,2,15.48,12044.0,207.63,168.9,17.55,26.43,24917,147.539892734,4.818307328361809,8.623653164096938,3.357857563272514,8.614073971464192,4.712556732223904,17.0,0.009892212,1.333,0.509,40.37061388003137,-3.6890725600354712
14,Moratalaz,143,Marroquina,45,6.196,Alto,Envejecimiento y déficit de verde,4,31.38,20036.0,137.49,146.8,15.82,25.18,26285,179.011055161,3.220534831021661,9.095693490096844,8.03708063566804,5.846377614628065,3.4039334341906207,59.0,0.007529836,-1.186,-0.313,40.41073470974902,-3.6406113799226962
15,Ciudad Lineal,151,Ventas,46,6.189,Alto,Envejecimiento y déficit de verde,4,22.13,15254.0,115.88,164.5,16.28,25.46,52607,319.80351939400003,3.762016798992898,9.241128212720996,5.31489111241907,7.502424158470703,3.751891074130107,47.0,0.008167974,0.064,0.472,40.42247576810893,-3.6474068409164975
21,Barajas,213,Casco Histórico de Barajas,47,6.153,Alto,Alta privación económica y contaminación,2,19.14,15952.0,317.77,159.6,24.54,25.15,8769,54.9393997267,3.374132133258592,7.88241390681679,4.4349617422012955,7.260700928106386,10.0,67.0,0.007272295,2.504,-0.028,40.47400498700479,-3.5788662625008922
15,Ciudad Lineal,153,Quintana,48,6.129,Alto,Alta privación económica y contaminación,2,21.2,16290.0,512.49,371.7,16.89,25.23,26875,72.3117480726,6.510042243266618,6.571953509344568,5.041200706297823,7.143648704806759,4.213313161875946,51.0,0.007971289,0.754,-1.393,40.4370127809394,-3.645066096136454
4,Salamanca,042,Goya,49,6.105,Alto,Envejecimiento y déficit de verde,4,24.8,28823.0,253.42,386.0,16.51,25.91,29733,77.0293505902,7.412025543853313,8.315487687513881,6.100647439670395,2.8033661171907465,3.9258698940998498,112.0,0.00586878,-0.772,-1.277,40.42505056153109,-3.674421405636843
12,Usera,122,Orcasur,50,6.097,Alto,Alta privación económica y contaminación,2,15.24,11656.0,220.8,109.2,18.57,26.5,15154,138.735047147,4.030344771132552,8.535019415972918,3.287227781047675,8.74844161241169,5.484114977307111,10.0,0.01030216,1.581,0.664,40.37222126583562,-3.698121548270389
20,San Blas - Canillejas,207,Canillejas,51,6.063,Alto,Envejecimiento y déficit de verde,4,23.3,15070.0,278.8,191.6,17.02,25.12,30609,159.770619598,3.804189389414648,8.144680965616567,5.659211300765157,7.566144895414878,4.311649016641452,39.0,0.008492104,0.304,-0.163,40.44326115764924,-3.6105259039942523
14,Moratalaz,145,Fontarrón,52,6.042,Alto,Envejecimiento y déficit de verde,4,22.75,13983.0,255.16,186.9,16.11,25.05,18026,96.4573767321,3.6648591845401857,8.30377753400319,5.497351383166569,7.942582075079651,3.6232980332829046,34.0,0.008624139,0.167,0.032,40.40141506604729,-3.646775125241946
6,Tetuán,062,Cuatro Caminos,53,6.036,Moderado,Envejecimiento y déficit de verde,4,22.27,24540.0,128.61,304.0,15.27,25.76,36025,118.503468341,6.077764488777994,9.155455652841058,5.356091818716893,4.286604792907605,2.987897125567322,73.0,0.007173168,-0.768,-0.249,40.451532391632924,-3.697044997424227
8,Fuencarral - El Pardo,084,Pilar,54,6.027,Moderado,Envejecimiento y déficit de verde,4,27.72,17793.0,428.76,343.8,17.17,23.5,46870,136.321189604,4.337406462167035,7.135454172246937,6.959976456739259,6.6231472503116775,4.425113464447808,,,-0.058,-1.185,40.47713978415641,-3.709590327971041
19,Vicálvaro,191,Casco Histórico de Vicálvaro,55,6.027,Moderado,Renta baja y escasez de verde,3,19.83,12291.0,15.04,17.6,17.82,25.5,37124,2107.59996125,1.6877559506718147,9.919778718478488,4.6380223660977045,8.528535808283696,4.9167927382753405,24.0,0.00950182,0.612,1.5,40.389161652739396,-3.5799425721577975
4,Salamanca,044,Guindalera,56,5.972,Moderado,Envejecimiento y déficit de verde,4,23.79,25573.0,121.79,269.7,16.28,25.58,43234,160.279005492,5.399624298011339,9.20135407062434,5.803413772807534,3.928868264302535,3.751891074130107,105.0,0.006042229,-0.776,-0.231,40.436342123068044,-3.666591237519094
10,Latina,101,Los Cármenes,57,5.97,Moderado,Alta privación económica y contaminación,2,18.27,14416.0,279.02,144.7,17.14,26.36,18690,129.199886335,4.398197482788237,8.143200371494526,4.178928781636257,7.792630558249065,4.402420574886536,28.0,0.009067394,0.82,0.131,40.40148556038456,-3.7359299092338234
13,Puente de Vallecas,134,Palomeras Sureste,58,5.966,Moderado,Renta baja y escasez de verde,3,20.14,13353.0,146.85,145.0,17.35,24.69,45061,310.859763986,2.6930309264256627,9.032700940177268,4.729252501471454,8.160756337442859,4.561270801815432,7.0,0.010546204,0.566,0.812,40.38521550956122,-3.6372937947804185
21,Barajas,212,Aeropuerto,59,5.959,Moderado,Renta baja y escasez de verde,3,15.2,12420.0,5.89,0.7,22.16,25.23,1954,2966.4730870900003,1.1680295920169244,9.981357974008843,3.2754561506768685,8.483862030752181,8.199697428139183,55.0,0.007642576,2.027,1.943,40.47857824098593,-3.5634954729352457
4,Salamanca,043,Fuente del Berro,60,5.952,Moderado,Envejecimiento y déficit de verde,4,24.77,23926.0,228.96,252.2,16.12,25.83,21504,85.25757759060001,5.403553683421707,8.480102833991749,6.0918187168922895,4.499238121623494,3.630862329803329,92.0,0.006253336,-0.675,-0.624,40.42477645149503,-3.6637932532854696
10,Latina,105,Campamento,61,5.935,Moderado,Renta baja y escasez de verde,3,22.61,14656.0,39.29,22.8,16.5,25.62,20873,917.480208632,1.8854678563615022,9.75657686638984,5.456150676868746,7.709516553539271,3.918305597579425,42.0,0.008397665,-0.108,1.139,40.385140557612246,-3.8036937079599253
6,Tetuán,064,Almenara,62,5.914,Moderado,Renta baja y escasez de verde,3,18.29,16415.0,152.51,244.6,15.21,25.01,24444,99.936731449,4.4547331636120155,8.994609291401114,4.18481459682166,7.100360160687076,2.942511346444781,33.0,0.008719827,0.055,0.534,40.47065909424661,-3.694309841927862
18,Villa de Vallecas,181,Casco Histórico de Vallecas,63,5.912,Moderado,Renta baja y escasez de verde,3,16.8,11951.0,8.31,10.2,17.88,25.7,43822,4298.92070476,1.785932568159805,9.965071438666389,3.746321365509124,8.646280648289236,4.962178517397882,18.0,0.009869551,0.883,1.763,40.34588714159055,-3.61827823441531
9,Moncloa - Aravaca,092,Argüelles,64,5.902,Moderado,Envejecimiento y déficit de verde,4,24.68,28664.0,452.55,330.5,20.7,25.95,25035,75.7531144046,6.653829267834716,6.975348107868012,6.065332548557976,2.8584291453109847,7.0953101361573365,103.0,0.006078534,0.414,-1.806,40.42820853943952,-3.717846304945745
4,Salamanca,045,Lista,65,5.887,Moderado,Envejecimiento y déficit de verde,4,24.25,28960.0,375.25,407.6,16.16,25.82,21206,52.021451100200004,7.630914990884884,7.495575042567081,5.938787522071808,2.7559218728355726,3.661119515885023,109.0,0.005931735,-0.734,-1.654,40.43201438260836,-3.6758261363482756
2,Arganzuela,025,Delicias,66,5.886,Moderado,Envejecimiento y déficit de verde,4,18.81,22273.0,226.51,279.2,12.63,27.13,29445,105.467905408,7.1230632876835465,8.496591268532665,4.337845791642143,5.071685829062197,0.9909228441754923,,,-0.847,-0.412,40.39679860035666,-3.68988749151748
21,Barajas,211,Alameda de Osuna,67,5.872,Moderado,Envejecimiento y déficit de verde,4,27.35,24417.0,85.95,99.1,20.11,25.09,20125,203.12669975699998,2.4415766318763983,9.442556313051437,6.8510888758093005,4.329200720321374,6.649016641452344,111.0,0.005880937,-0.252,0.221,40.45638302519194,-3.5918428907131155
11,Carabanchel,116,Buenavista,68,5.85,Moderado,Renta baja y escasez de verde,3,13.88,14879.0,75.16,94.5,18.67,25.94,53020,561.318027647,3.2454392230091327,9.515172724764282,2.886992348440259,7.632289790829755,5.5597579425113475,32.0,0.008737946,1.248,1.386,40.36709459683062,-3.7460792711341115
9,Moncloa - Aravaca,094,Valdezarza,69,5.828,Moderado,Envejecimiento y déficit de verde,4,24.9,18383.0,245.32,228.5,16.17,24.24,31928,139.745562949,3.434703741217955,8.37000047109813,6.13007651559741,6.418825322066768,3.6686838124054475,80.0,0.006948526,-0.386,-0.125,40.46525325261294,-3.7173019554862514
16,Hortaleza,164,Pinar del Rey,70,5.821,Moderado,Envejecimiento y déficit de verde,4,26.26,16824.0,219.52,202.0,15.37,23.92,53821,266.47674758299996,2.725565182754927,8.543633781773886,6.530311948204828,6.958720044327469,3.0635400907715575,56.0,0.007618157,-0.653,0.055,40.47248761792382,-3.6470302859228703
6,Tetuán,065,Valdeacederas,71,5.817,Moderado,Renta baja y escasez de verde,3,14.56,15348.0,131.0,250.0,15.87,24.79,29085,116.34087549499999,4.307285745118016,9.139371016697064,3.0871100647439675,7.4698711732927,3.441754916792738,43.0,0.00837946,0.563,0.958,40.467019855825065,-3.704157189213582
17,Villaverde,172,San Cristóbal,72,5.795,Moderado,Alta privación económica y contaminación,2,9.98,8042.0,357.36,185.1,18.65,25.36,20034,108.249229522,3.9562708455214612,7.615974264582169,1.7392583872866394,10.0,5.5446293494704975,1.0,0.011819176,2.38,0.76,40.340887990424584,-3.6883715786385
17,Villaverde,171,Villaverde Alto - Casco Histórico de Villaverde,73,5.77,Moderado,Renta baja y escasez de verde,3,16.16,11511.0,41.8,56.8,20.71,23.9,52535,925.4048170220001,0.6143638921021344,9.739684633452006,3.5579752795762216,8.798656323590524,7.102874432677762,,,1.618,1.937,40.34144695064405,-3.7089476534139285
6,Tetuán,063,Castillejos,74,5.758,Moderado,Envejecimiento y déficit de verde,4,23.8,26447.0,216.28,303.2,15.3,25.42,21366,70.4681048163,5.718206208661022,8.565438895207587,5.806356680400237,3.6261947638177023,3.0105900151285936,76.0,0.007113526,-1.017,-0.589,40.46042016053867,-3.6941558024650596
15,Ciudad Lineal,154,La Concepción,75,5.756,Moderado,Envejecimiento y déficit de verde,4,23.41,19248.0,418.32,253.1,16.7,25.17,22422,88.5910782203,4.740907402160416,7.205715093311079,5.6915832842848735,6.119268596758554,4.069591527987897,61.0,0.007511923,0.039,-0.884,40.439317045466694,-3.6492806972475798
8,Fuencarral - El Pardo,085,La Paz,76,5.742,Moderado,Vulnerabilidad contenida,1,38.05,26477.0,271.26,148.1,15.23,24.65,31922,215.475462134,2.6967219115399876,8.195424964162893,10.0,3.6158055132289793,2.9576399394856283,99.0,0.006161796,-2.351,-1.243,40.4811439646025,-3.6965976369482765
7,Chamberí,075,Ríos Rosas,77,5.731,Moderado,Envejecimiento y déficit de verde,4,23.36,29358.0,140.66,288.3,14.5,26.15,28119,97.541955401,6.250922218844299,9.074359474792885,5.676868746321366,2.6180911483584977,2.405446293494705,104.0,0.006075922,-1.444,-0.465,40.44241661113632,-3.6977444540860205
20,San Blas - Canillejas,204,Arcos,78,5.685,Moderado,Alta privación económica y contaminación,2,17.41,14493.0,341.28,202.3,16.92,25.13,26404,130.51943101999998,3.9684946624705404,7.724192234956828,3.92583872866392,7.76596481507134,4.236006051437218,36.0,0.008601381,0.813,0.125,40.4212230176589,-3.617594533910579
5,Chamartín,053,Ciudad Jardín,79,5.656,Bajo,Envejecimiento y déficit de verde,4,24.01,24765.0,340.82,248.8,17.63,25.41,18965,76.2309360764,4.9246665613204605,7.72728802266655,5.8681577398469695,4.208685413492174,4.7730711043872915,94.0,0.006239065,-0.269,-0.837,40.448296983345244,-3.673004116937409
16,Hortaleza,163,Canillas,80,5.635,Bajo,Vulnerabilidad contenida,1,28.66,19994.0,231.9,160.9,16.04,23.96,40575,252.25085323899998,2.1747138721756705,8.460316712542651,7.236609770453208,5.860922565452279,3.570347957639939,78.0,0.007055953,-0.974,-0.113,40.46378098455483,-3.6437125699614565
1,Centro,016,Sol,81,5.633,Bajo,Alta privación económica y contaminación,2,16.06,21020.0,271.77,183.5,17.9,26.52,8170,44.5300966286,5.120660086115251,8.19199267778907,3.5285462036492055,5.505610195317911,4.977307110438728,58.0,0.007601591,0.679,0.061,40.41731057542023,-3.7045551126568643
3,Retiro,036,Niño Jesús,82,5.578,Bajo,Envejecimiento y déficit de verde,4,28.27,31955.0,223.23,235.0,14.83,26.32,15119,64.3280535693,5.6574774252852436,8.518665580897643,7.121836374337846,1.71872835572794,2.6550680786686836,128.0,0.005472919,-1.945,-1.042,40.4116073079099,-3.673426846330567
15,Ciudad Lineal,155,San Pascual,83,5.577,Bajo,Envejecimiento y déficit de verde,4,27.35,22329.0,352.03,181.8,16.52,25.02,19134,105.272461182,3.56071517557127,7.651845022175262,6.8510888758093005,5.0522925612965786,3.9334341906202717,65.0,0.007278179,-0.729,-0.76,40.442863685926156,-3.653463025389525
7,Chamberí,076,Vallehermoso,84,5.553,Bajo,Vulnerabilidad contenida,1,27.27,30728.0,128.32,191.2,15.76,25.84,20448,106.923834174,4.535453816060881,9.15740734509284,6.827545615067687,2.1436487048067594,3.3585476550680786,117.0,0.005707212,-1.7,-0.389,40.44289416576158,-3.7112422434016015
1,Centro,013,Cortes,85,5.54,Bajo,Envejecimiento y déficit de verde,4,18.25,24671.0,204.47,183.0,16.94,26.49,10833,59.187424433000004,5.082751274439458,8.644919879668079,4.173042966450854,4.241238398670176,4.251134644478064,64.0,0.007343906,-0.1,0.068,40.414844032695235,-3.696829152611118
20,San Blas - Canillejas,201,Simancas,86,5.534,Bajo,Renta baja y escasez de verde,3,16.03,15675.0,195.68,136.0,16.83,25.18,30954,227.63425358600003,3.0650261069421547,8.704076344816912,3.519717480871101,7.356628341875606,4.167927382753403,38.0,0.008505973,0.595,0.91,40.43532771838061,-3.6251020737669193
1,Centro,014,Justicia,87,5.509,Bajo,Envejecimiento y déficit de verde,4,16.65,28051.0,163.67,246.7,17.14,26.43,18239,73.9413492111,5.938546099971584,8.919502789573926,3.7021777516185987,3.0707161656739155,4.402420574886536,66.0,0.007273462,-0.161,0.072,40.42366147004593,-3.6966771770139997
14,Moratalaz,141,Pavones,88,5.456,Bajo,Vulnerabilidad contenida,1,28.35,16403.0,243.77,90.8,16.73,23.22,9172,100.96522574699999,0.4078501630932281,8.380431929685239,7.145379635079459,7.104515860922565,4.092284417549169,44.0,0.008222203,-0.634,0.346,40.39852891021108,-3.6321657180636304
7,Chamberí,074,Almagro,89,5.456,Bajo,Vulnerabilidad contenida,1,25.56,33425.0,146.28,207.0,14.77,26.77,19420,93.7940644902,5.714946664790407,9.03653702494801,6.324308416715715,1.2096550768804555,2.609682299546142,115.0,0.005806812,-1.937,-0.598,40.43285025382176,-3.693538910119069
19,Vicálvaro,192,Valdebernardo,90,5.442,Bajo,Renta baja y escasez de verde,3,19.33,17593.0,124.05,68.0,17.39,24.9,17376,255.51164959200003,1.7992766555265505,9.186144331007005,4.490876986462625,6.692408920903173,4.591527987897126,48.0,0.00815925,0.158,1.122,40.396603676956175,-3.617628246721147
20,San Blas - Canillejas,205,Rosas,91,5.405,Bajo,Renta baja y escasez de verde,3,19.3,19981.0,47.93,32.8,17.91,25.25,30458,929.3703728080001,1.650708966614887,9.698429897233307,4.482048263684521,5.865424574040726,4.9848714069591535,74.0,0.007135216,0.025,1.353,40.42766612996701,-3.5942865261174823
17,Villaverde,173,Butarque,92,5.402,Bajo,Renta baja y escasez de verde,3,9.93,13620.0,60.62,36.6,17.98,25.68,23373,638.176383266,2.145592115659165,9.61302653628465,1.7245438493231313,8.068292007203214,5.037821482602118,29.0,0.009066352,1.335,2.085,40.33710104773113,-3.676261607932004
8,Fuencarral - El Pardo,083,Peñagrande,93,5.359,Bajo,Vulnerabilidad contenida,1,28.5,22816.0,202.44,157.4,16.13,23.51,45435,288.72711350599997,1.663677520771947,8.658581725430551,7.189523248969984,4.883640393406289,3.6384266263237515,83.0,0.006765296,-1.256,0.082,40.4787834452124,-3.725802643155572
18,Villa de Vallecas,183,Ensanche de Vallecas,94,5.303,Bajo,Renta baja y escasez de verde,3,6.74,16757.0,56.31,95.7,18.71,25.8,60694,634.111845027,3.1194077461530547,9.642032721130096,0.7857563272513244,6.98192270397562,5.590015128593042,50.0,0.008022136,1.587,2.073,40.36641511229449,-3.6024464388656217
5,Chamartín,054,Hispanoamérica,95,5.303,Bajo,Vulnerabilidad contenida,1,24.84,31917.0,151.71,188.1,17.92,25.3,32220,171.252267619,3.938049045903029,8.999993270026717,6.1124190700412,1.7318880731403237,4.992435703479578,125.0,0.005571773,-1.102,-0.174,40.45536686586023,-3.6771441997764884
8,Fuencarral - El Pardo,081,El Pardo,96,5.267,Bajo,Vulnerabilidad contenida,1,25.24,18296.0,3.12,0.2,12.09,24.77,3491,18758.3248113,0.6899536638433459,10.0,6.230135373749265,6.448954148774069,0.5824508320726169,79.0,0.006979131,-1.933,1.394,40.55290277028181,-3.7674492205399956
20,San Blas - Canillejas,206,Rejas,97,5.24,Bajo,Renta baja y escasez de verde,3,13.11,19155.0,88.8,37.4,20.41,25.27,18759,501.603278596,1.7374170530474413,9.42337588919772,2.660388463802237,6.151475273583599,6.8759455370650535,60.0,0.007526801,1.244,1.687,40.44509941500557,-3.570167259453571
20,San Blas - Canillejas,202,Hellín,98,5.159,Bajo,Verde abundante (parques y zonas forestales),0,19.49,11986.0,809.07,188.3,16.95,25.18,10367,55.055537529400006,3.818091502253095,4.575978033367207,4.53796350794585,8.634159855935724,4.258698940998487,27.0,0.009396693,1.182,-1.438,40.43094691673897,-3.6168230635528382
2,Arganzuela,024,Legazpi,99,5.133,Bajo,Renta baja y escasez de verde,3,14.42,25356.0,168.9,141.5,14.46,27.05,20021,141.44709385599998,5.05843549911212,8.884305029309033,3.0459093584461447,4.0040171768943065,2.375189107413011,108.0,0.005946916,-0.565,0.576,40.38891885786053,-3.687103175086875
19,Vicálvaro,193,Valderrivas,100,5.037,Bajo,Alta privación económica y contaminación,2,8.7,18168.0,492.86,278.5,17.63,25.31,17913,64.3123887829,5.249951106841941,6.704062884870347,1.3625662154208356,6.493281617952625,4.7730711043872915,75.0,0.007122399,1.548,0.027,40.39878747157733,-3.6026379637321613
20,San Blas - Canillejas,208,El Salvador,101,5.033,Bajo,Vulnerabilidad contenida,1,26.08,26077.0,236.92,61.8,16.83,25.04,11618,188.01097378,1.853313352716191,8.42653224666698,6.477339611536198,3.754328854411968,4.167927382753403,72.0,0.007173188,-1.136,0.078,40.445290717515746,-3.630973621338601
21,Barajas,214,Timón,102,5.005,Bajo,Renta baja y escasez de verde,3,14.07,19498.0,36.38,25.9,17.2,24.99,12445,479.843880038,1.2852086118625867,9.776161088640478,2.9429075927015895,6.032691508519186,4.447806354009077,91.0,0.006339495,0.212,1.961,40.47640415007025,-3.603533005967974
9,Moncloa - Aravaca,091,Casa de Campo,103,4.983,Bajo,Vulnerabilidad contenida,1,25.67,23494.0,19.62,7.8,11.32,25.2,13638,1747.6000249499998,1.2395528454341171,9.8889554408469,6.356680400235434,4.648843330101123,0.0,89.0,0.006471156,-2.551,1.123,40.42363361844008,-3.753068685402372
4,Salamanca,041,Recoletos,104,4.981,Bajo,Vulnerabilidad contenida,1,25.43,36397.0,223.57,174.4,17.4,25.94,15225,87.3144938998,4.395915802078811,8.516377389981763,6.286050618010595,0.18042665189084417,4.599092284417548,129.0,0.005441394,-1.575,-0.606,40.424593122993684,-3.6858398190529895
4,Salamanca,046,Castellana,105,4.956,Muy bajo,Vulnerabilidad contenida,1,24.02,34843.0,252.41,218.4,15.05,26.01,16889,77.3385311497,5.1011249751314764,8.322284960528707,5.871100647439671,0.7185898323867566,2.8214826021180035,123.0,0.005624665,-1.869,-0.666,40.4335560648484,-3.6842962358625617
10,Latina,106,Cuatro Vientos,106,4.897,Muy bajo,Renta baja y escasez de verde,3,8.42,17516.0,66.39,13.3,17.08,25.74,7225,542.988101753,1.8715151098318588,9.574194590447476,1.2801648028251913,6.719074664080898,4.357034795763993,54.0,0.007808226,0.843,2.242,40.368680754342634,-3.78405055986292
5,Chamartín,056,Castilla,107,4.82,Muy bajo,Vulnerabilidad contenida,1,23.19,28189.0,120.21,81.7,15.12,24.9,17662,216.126384854,1.9965423518125902,9.211987428409909,5.626839317245439,3.0229256129657847,2.8744326777609674,110.0,0.005913401,-1.625,0.675,40.47431651669107,-3.6797229839190715
3,Retiro,035,Los Jerónimos,108,4.779,Muy bajo,Vulnerabilidad contenida,1,25.9,31815.0,75.33,35.6,12.66,26.18,6795,190.639825737,2.643015388211676,9.514028629306342,6.42436727486757,1.7672115251419864,1.0136157337367624,124.0,0.005577574,-2.751,0.437,40.413743759354176,-3.6851431053439945
16,Hortaleza,165,Apóstol Santiago,109,4.773,Muy bajo,Vulnerabilidad contenida,1,23.0,18213.0,485.42,130.6,14.5,23.96,15736,120.507003022,1.7384255073970565,6.754133886088472,5.570924072984109,6.477697742069539,2.405446293494705,71.0,0.007195958,-0.695,-0.233,40.47640385760293,-3.659417216799413
15,Ciudad Lineal,159,Costillares,110,4.739,Muy bajo,Vulnerabilidad contenida,1,25.29,29377.0,259.65,157.2,14.67,24.41,22435,142.724662166,2.582077740859723,8.273559953966982,6.244849911712772,2.611511289652306,2.534039334341906,90.0,0.006402223,-1.846,-0.089,40.47665343724121,-3.6685172396516794
20,San Blas - Canillejas,203,Amposta,111,4.707,Muy bajo,Verde abundante (parques y zonas forestales),0,16.19,10787.0,1203.08,282.1,16.82,25.16,10446,37.0250298003,5.1482406796560385,1.9243012605239969,3.566804002354327,9.049383571131736,4.16036308623298,19.0,0.009796174,1.891,-2.687,40.426133287329044,-3.6220383418915945
9,Moncloa - Aravaca,096,El Plantío,112,4.691,Muy bajo,Vulnerabilidad contenida,1,20.76,25350.0,96.46,8.9,14.74,25.17,3179,355.385448386,1.2246823632515877,9.371824293857554,4.911712772218953,4.0060950270120514,2.586989409984872,126.0,0.005512394,-1.4,1.2,40.469695852706856,-3.820857370029991
14,Moratalaz,142,Horcajo,113,4.661,Muy bajo,Renta baja y escasez de verde,3,15.61,19542.0,329.94,85.6,16.64,24.56,6388,74.5945383543,1.7046591645820697,7.800510131974777,3.396115361977634,6.017453940989057,4.024205748865356,70.0,0.007217273,0.186,0.826,40.40857490440805,-3.6269439683394706
8,Fuencarral - El Pardo,086,Valverde,114,4.64,Muy bajo,Renta baja y escasez de verde,3,12.8,20138.0,65.08,76.0,12.5,24.9,68263,898.122805189,1.914468302992851,9.583010855446904,2.5691583284284873,5.8110541626264025,0.8925869894099847,84.0,0.006765041,-0.913,1.944,40.50022737395778,-3.678787131657181
19,Vicálvaro,194,El Cañaveral,115,4.624,Muy bajo,Renta baja y escasez de verde,3,4.07,19187.0,29.99,24.4,18.03,25.45,25743,1056.76900009,1.7344866281695897,9.819165617912496,0.0,6.140393406288959,5.075642965204237,57.0,0.007614949,1.227,2.721,40.403639324178634,-3.5457952385128233
5,Chamartín,055,Nueva España,116,4.548,Muy bajo,Vulnerabilidad contenida,1,20.88,34371.0,145.14,143.0,16.08,25.06,25606,179.009509071,3.0429814636385744,9.044209194489499,4.9470276633313714,0.8820473749826832,3.6006051437216327,130.0,0.005370611,-1.614,0.433,40.462762780565185,-3.6781392409557085
9,Moncloa - Aravaca,093,Ciudad Universitaria,117,4.534,Muy bajo,Vulnerabilidad contenida,1,25.61,30310.0,24.06,12.0,15.86,23.93,17129,1425.08528888,0.0,9.859074359474793,6.339022954679223,2.288405596342984,3.4341906202723145,114.0,0.005822851,-2.062,1.215,40.4559511344757,-3.738399484268056
15,Ciudad Lineal,156,San Juan Bautista,118,4.471,Muy bajo,Vulnerabilidad contenida,1,22.52,28260.0,366.61,131.0,16.4,24.26,13242,101.08442117099999,2.051278426861851,7.553722011723614,5.429664508534432,2.9983377199058037,3.8426626323751885,86.0,0.006521307,-1.075,-0.08,40.45069249365316,-3.656360434371318
5,Chamartín,051,El Viso,119,4.447,Muy bajo,Vulnerabilidad contenida,1,22.64,35797.0,152.0,102.3,14.78,25.65,17488,170.92332586,3.060894186767011,8.998041577774936,5.464979399646852,0.3882116636653272,2.617246596066565,131.0,0.005305531,-2.203,0.271,40.444874568922,-3.684791344617635
9,Moncloa - Aravaca,097,Aravaca,120,4.423,Muy bajo,Vulnerabilidad contenida,1,18.85,30206.0,58.61,48.6,15.1,24.96,28443,584.879159909,1.5813555778390698,9.626553782581484,4.349617422012949,2.3244216650505614,2.8593040847201205,120.0,0.005685093,-1.575,1.323,40.454668572670876,-3.779117944779432
2,Arganzuela,027,Atocha,121,4.254,Muy bajo,Renta baja y escasez de verde,3,8.25,21254.0,324.73,41.5,13.15,26.74,3054,73.5681156115,3.3012101241221643,7.835573292774027,1.2301353737492642,5.4245740407258625,1.3842662632375191,81.0,0.006921118,-0.191,1.157,40.39977452412972,-3.6819314872163713
8,Fuencarral - El Pardo,087,Mirasierra,122,4.202,Muy bajo,Vulnerabilidad contenida,1,17.43,29407.0,83.58,54.5,15.3,24.23,38109,699.279671195,0.9190489642562012,9.458506349729792,3.931724543849323,2.6011220390635827,3.0105900151285936,118.0,0.005704454,-1.403,1.539,40.49631348748495,-3.719572475806709
16,Hortaleza,166,Valdefuentes,123,4.191,Muy bajo,Renta baja y escasez de verde,3,9.04,25293.0,34.36,45.8,15.07,24.87,77916,1702.31500337,1.448910500098421,9.789755634670131,1.4626250735726896,4.025834603130628,2.836611195158851,101.0,0.006134629,-0.476,2.349,40.493735050980206,-3.635151262377318
21,Barajas,215,Corralejos,124,4.003,Muy bajo,Renta baja y escasez de verde,3,12.85,29312.0,37.36,16.5,14.53,24.94,7694,467.251218469,1.0986762032411066,9.769565714824113,2.583872866391995,2.634021332594542,2.4281391830559755,122.0,0.005635231,-1.279,2.059,40.464194000060516,-3.6071390600160878
8,Fuencarral - El Pardo,088,El Goloso,125,3.965,Muy bajo,Renta baja y escasez de verde,3,9.97,27155.0,22.06,7.5,14.24,24.98,19846,2649.31130261,1.0100313781203814,9.872534306038805,1.7363154796939377,3.3810084499238124,2.2087745839636916,121.0,0.00565296,-0.979,2.414,40.534393195524366,-3.7000031260039172
16,Hortaleza,162,Piovera,126,3.931,Muy bajo,Vulnerabilidad contenida,1,18.94,34949.0,186.31,49.2,16.5,24.72,15434,313.96504194,1.3443202817258573,8.767136194469309,4.376103590347264,0.6818811469732662,3.918305597579425,116.0,0.005739851,-1.563,0.88,40.45571272180013,-3.6350819070328657
15,Ciudad Lineal,157,Colina,127,3.701,Muy bajo,Vulnerabilidad contenida,1,22.46,27706.0,662.12,122.7,16.25,23.22,6867,55.969935770199996,0.867176857365102,5.564947607158,5.4120070629782235,3.1901925474442443,3.7291981845688356,82.0,0.006820826,-0.991,-0.684,40.458047276492,-3.6603090452787588
8,Fuencarral - El Pardo,082,Fuentelarreina,128,3.571,Muy bajo,Vulnerabilidad contenida,1,25.15,36195.0,422.73,26.0,15.29,24.46,3594,138.264371367,0.7441169452609726,7.176035911137433,6.20364920541495,0.2503809391882523,3.0030257186081686,113.0,0.005867894,-2.348,-0.227,40.48110654942735,-3.7417862417106913
16,Hortaleza,161,Palomas,129,3.436,Muy bajo,Vulnerabilidad contenida,1,18.59,34774.0,547.29,66.5,16.26,25.02,7110,106.88375002599999,1.900515556463212,6.337750439130757,4.2731018246027075,0.7424851087408229,3.73676248108926,107.0,0.005960084,-1.289,-0.339,40.45260275126849,-3.616143021070773
9,Moncloa - Aravaca,095,Valdemarín,130,3.407,Muy bajo,Vulnerabilidad contenida,1,13.11,36918.0,103.81,23.7,14.65,24.91,7821,330.24635221299997,1.171639352251628,9.32235899023481,2.660388463802237,0.0,2.518910741301059,127.0,0.005487481,-1.874,1.712,40.46813482312895,-3.778914351983208
15,Ciudad Lineal,158,Atalaya,131,1.893,Muy bajo,Verde abundante (parques y zonas forestales),0,24.09,33140.0,1489.01,68.1,15.96,23.54,1694,24.8882861747,0.40856008963851065,0.0,5.891701000588582,1.3083529574733337,3.5098335854765517,106.0,0.00597288,-1.158,-3.337,40.46427160505416,-3.664942377567241
